id,first_name,last_name,email
1,Grayce,Meekins,gmeekins0@aol.com
2,Gregg,Kubik,gkubik1@mayoclinic.com
3,Kermit,Ewles,kewles2@slate.com
4,Ferd,Trew,ftrew3@boston.com
5,Jamaal,Sherrett,jsherrett4@answers.com
6,Jeno,Simper,jsimper5@google.com.br
7,Bevin,Bushell,bbushell6@chronoengine.com
8,Theodosia,Gave,tgave7@weather.com
9,Basile,Bemand,bbemand8@wikispaces.com
10,Hinze,Botwood,hbotwood9@jugem.jp
11,Rozele,Clynmans,rclynmansa@nbcnews.com
12,Yevette,Pyford,ypyfordb@tamu.edu
13,Tremayne,Pelfer,tpelferc@youtube.com
14,Roxine,Crennell,rcrennelld@blogtalkradio.com
15,Dario,Clears,dclearse@elpais.com
16,Cletis,Bachelar,cbachelarf@google.nl
17,Davine,Winsley,dwinsleyg@cbc.ca
18,Rochell,Butland,rbutlandh@so-net.ne.jp
19,Grace,Cadore,gcadorei@constantcontact.com
20,Nannette,Cardillo,ncardilloj@csmonitor.com
21,Hanson,Zettler,hzettlerk@ocn.ne.jp
22,Germain,Thurlborn,gthurlbornl@bbb.org
23,Conant,Malenoir,cmalenoirm@chicagotribune.com
24,Candice,Yanele,cyanelen@miibeian.gov.cn
25,Valene,Fontanet,vfontaneto@ftc.gov
26,Ainsley,Hamelyn,ahamelynp@statcounter.com
27,Reinhold,Olliar,rolliarq@xrea.com
28,Shurlocke,Croxon,scroxonr@sbwire.com
29,Ardella,Frere,afreres@chicagotribune.com
30,Alane,Penvarden,apenvardent@ow.ly
31,Sileas,Matejovsky,smatejovskyu@devhub.com
32,Berna,Eames,beamesv@who.int
33,Rosa,Tander,rtanderw@answers.com
34,Angus,Ebsworth,aebsworthx@google.com.au
35,Brynne,Barde,bbardey@scientificamerican.com
36,Latia,Ungerecht,lungerechtz@devhub.com
37,Shandie,Rowbottam,srowbottam10@creativecommons.org
38,Ray,Mossom,rmossom11@miibeian.gov.cn
39,Abran,Goodram,agoodram12@slideshare.net
40,Myrna,Mauger,mmauger13@dropbox.com
41,Sophey,Tollerton,stollerton14@goo.gl
42,Ariana,Scarse,ascarse15@soup.io
43,Diannne,Rushmere,drushmere16@pagesperso-orange.fr
44,Gabi,Corderoy,gcorderoy17@macromedia.com
45,Eachelle,Shilton,eshilton18@ucla.edu
46,Agnese,Tremlett,atremlett19@arizona.edu
47,Ginnifer,McTear,gmctear1a@acquirethisname.com
48,Cyrille,Severns,cseverns1b@npr.org
49,Merv,Heskin,mheskin1c@auda.org.au
50,Cassi,Kensington,ckensington1d@cbsnews.com
51,Ira,Derell,iderell1e@google.ru
52,Nichole,Agott,nagott1f@foxnews.com
53,Dickie,Kener,dkener1g@wikipedia.org
54,Novelia,Waugh,nwaugh1h@shinystat.com
55,Neilla,Rigbye,nrigbye1i@stanford.edu
56,Pegeen,Barrott,pbarrott1j@360.cn
57,Brigitte,Olennikov,bolennikov1k@liveinternet.ru
58,Stanton,Loxly,sloxly1l@123-reg.co.uk
59,Kipper,Krysztowczyk,kkrysztowczyk1m@paginegialle.it
60,Denna,Grocock,dgrocock1n@senate.gov
61,Cliff,Whitton,cwhitton1o@tumblr.com
62,Elbertine,Maestro,emaestro1p@mashable.com
63,Estelle,Baitey,ebaitey1q@cafepress.com
64,Yule,Dewis,ydewis1r@weather.com
65,Ilyssa,Hordle,ihordle1s@bandcamp.com
66,Farlie,Lardier,flardier1t@4shared.com
67,Katha,Rozenzweig,krozenzweig1u@hc360.com
68,Valentino,Pontin,vpontin1v@phpbb.com
69,Cash,Yeiles,cyeiles1w@chronoengine.com
70,Margret,Palfrey,mpalfrey1x@addtoany.com
71,Vina,Quarmby,vquarmby1y@friendfeed.com
72,Dionisio,Alesi,dalesi1z@plala.or.jp
73,Nicola,Beckinsale,nbeckinsale20@smh.com.au
74,Julie,Tolomei,jtolomei21@facebook.com
75,Guillermo,Betchley,gbetchley22@loc.gov
76,Bourke,Stone Fewings,bstonefewings23@prlog.org
77,Orion,Deddum,odeddum24@jugem.jp
78,Phedra,Perrott,pperrott25@woothemes.com
79,Casi,Polsin,cpolsin26@mapquest.com
80,Tawnya,Jeandon,tjeandon27@noaa.gov
81,Cristal,Weafer,cweafer28@ox.ac.uk
82,Tammy,Halkyard,thalkyard29@usa.gov
83,Roxine,Hake,rhake2a@nasa.gov
84,Casie,Swinyard,cswinyard2b@zdnet.com
85,Cyb,Weymouth,cweymouth2c@nifty.com
86,Katey,Sweetsur,ksweetsur2d@youtube.com
87,Jacquelin,Fittall,jfittall2e@angelfire.com
88,Maurizio,Wheowall,mwheowall2f@cbc.ca
89,Gwyn,Dunster,gdunster2g@wired.com
90,Rex,Spillman,rspillman2h@cbsnews.com
91,Yule,Bunn,ybunn2i@sogou.com
92,Gianna,Cust,gcust2j@cocolog-nifty.com
93,Susy,Beckmann,sbeckmann2k@canalblog.com
94,Ermin,Chetwin,echetwin2l@go.com
95,Peta,Chaperlin,pchaperlin2m@netvibes.com
96,Lin,Grandham,lgrandham2n@delicious.com
97,Reagan,Cambridge,rcambridge2o@google.com
98,Garwood,Thews,gthews2p@soundcloud.com
99,Roth,Sleeman,rsleeman2q@blog.com
100,Mechelle,Pennetti,mpennetti2r@is.gd
